Кластер;Фраза;W (широкая);W "фраза";W "!точная!";Тип страницы конкурента;Заметка
Базовые;шторы саратов;;;;главная;
Базовые;купить шторы в саратове;;;;главная;
Базовые;шторы на заказ саратов;;;;главная;уже знаем 17
Базовые;салон штор саратов;;;;главная;
Базовые;пошив штор на заказ по индивидуальным размерам;;;;главная;
Комнаты;шторы в спальню;;;;/shtory-v-spalnju;
Комнаты;шторы в спальню саратов;;;;/shtory-v-spalnju;
Комнаты;шторы в спальню на заказ;;;;/shtory-v-spalnju;
Комнаты;шторы на кухню;;;;/shtory-na-kuxnju;
Комнаты;шторы на кухню саратов;;;;/shtory-na-kuxnju;
Комнаты;шторы на кухню на заказ;;;;/shtory-na-kuxnju;
Комнаты;шторы в гостиную;;;;/shtory-v-gostinuju;
Комнаты;шторы в зал;;;;/shtory-v-gostinuju;
Комнаты;шторы в гостиную саратов;;;;/shtory-v-gostinuju;
Комнаты;шторы в детскую комнату;;;;/shtory-v-detskuju-komnatu;
Комнаты;шторы в детскую саратов;;;;/shtory-v-detskuju-komnatu;
Комнаты;шторы в кабинет;;;;/shtory-v-kabinet;
Ткани;ткани для штор саратов;;;;/tkani-dlya-shtor;
Ткани;купить ткань для штор;;;;/tkani-dlya-shtor;
Ткани;портьерная ткань саратов;;;;/tkani-dlya-shtor;
Ткани;ткань блэкаут саратов;;;;/tkani-dlya-shtor;
Карнизы;карнизы для штор саратов;;;;/karnizy;
Карнизы;купить карниз для штор;;;;/karnizy;
Карнизы;потолочный карниз саратов;;;;/karnizy;
Карнизы;профильный карниз для штор;;;;/karnizy/karnizy-profili;
Карнизы;японская панель шторы;;;;/karnizy/karnizy-yaponskaya-panel;
Жалюзи;жалюзи саратов;;;;/zhalyuzi;
Жалюзи;жалюзи на заказ саратов;;;;/zhalyuzi;
Жалюзи;вертикальные жалюзи саратов;;;;/zhalyuzi/vertikalnye;
Жалюзи;горизонтальные жалюзи саратов;;;;/zhalyuzi/gorizontalnye;
Жалюзи;жалюзи на пластиковые окна;;;;/zhalyuzi/na-plastikovye-okna;
Жалюзи;рулонные шторы саратов;;;;/zhalyuzi/rulonnye;уже знаем рулонные сильны
Жалюзи;шторы плиссе саратов;;;;/zhalyuzi/plisse;
Жалюзи;шторы плиссе на пластиковые окна;;;;/zhalyuzi/plisse;
Умные шторы;умные шторы саратов;;;;/umnye-shtory;
Умные шторы;шторы с электроприводом;;;;/umnye-shtory;
Умные шторы;шторы на пульте управления;;;;/umnye-shtory;
Умные шторы;автоматические шторы саратов;;;;/umnye-shtory;
