Кластер;Посадочная страница;Фраза;W (широкая);W "фраза";W "!точная!";Тип;Приоритет;Заметка
Главная;/;пошив штор на заказ саратов;;;;транз;1;
Главная;/;шторы на заказ саратов;;;;транз;1;
Главная;/;сшить шторы на заказ саратов;;;;транз;1;
Главная;/;швейный цех саратов;;;;транз;1;
Главная;/;пошив штор саратов;;;;транз;1;
Главная;/;шторы на заказ недорого саратов;;;;транз;2;
Главная;/;ателье штор саратов;;;;транз;2;
Главная;/;мастерская штор саратов;;;;транз;2;
Главная;/;пошив штор и текстиля саратов;;;;транз;2;
Главная;/;заказать шторы саратов;;;;транз;2;
Шторы и портьеры;/uslugi;пошив портьер на заказ;;;;транз;1;
Шторы и портьеры;/uslugi;портьеры на заказ саратов;;;;транз;1;
Шторы и портьеры;/uslugi;пошив тюля на заказ;;;;транз;2;
Шторы и портьеры;/uslugi;тюль на заказ саратов;;;;транз;2;
Шторы и портьеры;/uslugi;шторы блэкаут на заказ;;;;транз;1;
Шторы и портьеры;/uslugi;шторы димаут на заказ;;;;транз;2;
Шторы и портьеры;/uslugi;многослойные шторы на заказ;;;;транз;3;
Шторы и портьеры;/uslugi;пошив штор по размерам;;;;транз;2;
Шторы и портьеры;/uslugi;классические шторы на заказ саратов;;;;транз;3;
Римские и рулонные;/uslugi;рулонные шторы на заказ саратов;;;;транз;1;
Римские и рулонные;/uslugi;римские шторы на заказ саратов;;;;транз;1;
Римские и рулонные;/uslugi;рулонные шторы по размерам;;;;транз;2;
Римские и рулонные;/uslugi;римские шторы по размерам;;;;транз;2;
Римские и рулонные;/uslugi;рулонные шторы блэкаут на заказ;;;;транз;2;
Римские и рулонные;/uslugi;рулонные шторы на окна саратов;;;;транз;2;
Римские и рулонные;/uslugi;пошив римских штор;;;;транз;2;
Объектный текстиль;/uslugi;объектный текстиль саратов;;;;транз;1;
Объектный текстиль;/uslugi;объектный текстиль на заказ;;;;транз;1;
Объектный текстиль;/uslugi;пошив скатертей на заказ;;;;транз;2;
Объектный текстиль;/uslugi;скатерти на заказ саратов;;;;транз;2;
Объектный текстиль;/uslugi;раннеры на стол на заказ;;;;транз;3;
Объектный текстиль;/uslugi;чехлы на стулья на заказ;;;;транз;3;
Объектный текстиль;/uslugi;покрывала на заказ саратов;;;;транз;3;
Объектный текстиль;/uslugi;текстиль для horeca;;;;транз;2;
Объектный текстиль;/uslugi;контрактный текстиль;;;;транз;3;
Сценический текстиль;/uslugi;сценический занавес на заказ;;;;транз;2;
Сценический текстиль;/uslugi;пошив театрального занавеса;;;;транз;2;
Сценический текстиль;/uslugi;одежда сцены на заказ;;;;транз;3;
Сценический текстиль;/uslugi;кулисы для сцены на заказ;;;;транз;3;
Сценический текстиль;/uslugi;занавес для актового зала;;;;транз;2;
Сценический текстиль;/uslugi;звукопоглощающие шторы;;;;транз;3;
Замер;/uslugi;замер штор саратов;;;;транз;2;
Замер;/uslugi;выездной замер штор;;;;транз;2;
Замер;/uslugi;замер штор на дом саратов;;;;транз;3;
Замер;/uslugi;подбор ткани для штор;;;;инфо;3;
Опт/White label;/uslugi;пошив штор оптом;;;;транз;2;
Опт/White label;/uslugi;шторы оптом от производителя;;;;транз;2;
Опт/White label;/uslugi;пошив штор под реализацию;;;;транз;3;
Опт/White label;/uslugi;партия штор на заказ;;;;транз;3;
Ниша отели;/shtory-dlya-oteley;шторы для отеля на заказ;;;;транз;2;
Ниша отели;/shtory-dlya-oteley;шторы для гостиницы на заказ;;;;транз;2;
Ниша отели;/shtory-dlya-oteley;блэкаут шторы для отеля;;;;транз;2;
Ниша отели;/shtory-dlya-oteley;текстиль для номерного фонда;;;;транз;3;
Ниша отели;/shtory-dlya-oteley;шторы для гостиниц саратов;;;;транз;3;
Ниша рестораны;/shtory-dlya-restoranov;шторы для ресторана на заказ;;;;транз;2;
Ниша рестораны;/shtory-dlya-restoranov;шторы для кафе на заказ;;;;транз;2;
Ниша рестораны;/shtory-dlya-restoranov;текстиль для ресторана на заказ;;;;транз;2;
Ниша рестораны;/shtory-dlya-restoranov;скатерти для ресторана на заказ;;;;транз;3;
Ниша рестораны;/shtory-dlya-restoranov;текстиль для кафе саратов;;;;транз;3;
Ниша офисы;/shtory-dlya-ofisov;шторы для офиса на заказ;;;;транз;2;
Ниша офисы;/shtory-dlya-ofisov;рулонные шторы для офиса;;;;транз;2;
Ниша офисы;/shtory-dlya-ofisov;римские шторы для офиса;;;;транз;3;
Ниша офисы;/shtory-dlya-ofisov;шторы для бизнес центра;;;;транз;3;
Ниша офисы;/shtory-dlya-ofisov;текстиль для офиса саратов;;;;транз;3;
Ниша сцена;/scenicheskiy-tekstil;сценический текстиль для театра;;;;транз;3;
Ниша сцена;/scenicheskiy-tekstil;текстиль для дк на заказ;;;;транз;3;
Ниша сцена;/scenicheskiy-tekstil;занавес для конференц зала;;;;транз;3;
Ниша сцена;/scenicheskiy-tekstil;текстиль для актового зала;;;;транз;3;
Инфо;блог/гайд;блэкаут или димаут что лучше;;;;инфо;4;
Инфо;блог/гайд;как выбрать ткань для штор;;;;инфо;4;
Инфо;блог/гайд;какие шторы для отеля выбрать;;;;инфо;4;
Инфо;блог/гайд;чем отличаются римские и рулонные шторы;;;;инфо;4;
