Кластер;Фраза;W (широкая);W "фраза";W "!точная!";Приоритет;Заметка
Главная;шторы саратов;;;;1;
Главная;купить шторы в саратове;;;;1;
Главная;шторы на заказ саратов;;;;1;знаем 17
Главная;салон штор саратов;;;;1;
Главная;пошив штор саратов;;;;1;знаем 2
Главная;шторы недорого саратов;;;;2;
Главная;готовые шторы саратов;;;;2;
Комната Спальня;шторы в спальню;;;;1;
Комната Спальня;шторы в спальню саратов;;;;1;
Комната Спальня;шторы в спальню на заказ;;;;2;
Комната Спальня;шторы блэкаут в спальню;;;;2;
Комната Кухня;шторы на кухню;;;;1;
Комната Кухня;шторы на кухню саратов;;;;1;
Комната Кухня;шторы на кухню на заказ;;;;2;
Комната Кухня;короткие шторы на кухню;;;;3;
Комната Гостиная;шторы в гостиную;;;;1;
Комната Гостиная;шторы в зал;;;;1;
Комната Гостиная;шторы в гостиную саратов;;;;1;
Комната Гостиная;шторы в зал саратов;;;;2;
Комната Детская;шторы в детскую комнату;;;;2;
Комната Детская;шторы в детскую саратов;;;;2;
Комната Кабинет;шторы в кабинет;;;;3;
Рулонные/Римские;рулонные шторы саратов;;;;1;знаем сильны
Рулонные/Римские;рулонные шторы на заказ саратов;;;;1;знаем 8
Рулонные/Римские;рулонные шторы по размерам;;;;1;широкая 20
Рулонные/Римские;рулонные шторы на пластиковые окна;;;;1;
Рулонные/Римские;римские шторы саратов;;;;1;
Рулонные/Римские;римские шторы на заказ саратов;;;;1;знаем 4
Рулонные/Римские;шторы день ночь саратов;;;;2;
Рулонные/Римские;шторы плиссе саратов;;;;2;
Ткани;ткани для штор саратов;;;;2;
Ткани;купить ткань для штор саратов;;;;2;
Ткани;портьерная ткань саратов;;;;3;
Ткани;ткань блэкаут саратов;;;;3;
Карнизы;карнизы для штор саратов;;;;2;
Карнизы;купить карниз для штор саратов;;;;2;
Карнизы;потолочный карниз саратов;;;;3;
Карнизы;профильный карниз для штор;;;;3;
Умные шторы;умные шторы саратов;;;;3;
Умные шторы;шторы с электроприводом саратов;;;;3;
Умные шторы;шторы на пульте;;;;3;
B2B вторичное;шторы на заказ оптом;;;;3;для входящего опта
B2B вторичное;объектный текстиль саратов;;;;4;знаем 0, для галочки
B2B вторичное;шторы для отеля на заказ;;;;4;знаем 0
